Id;Label;Longitude;Latitude
0;Basel Bad Bf;7.607284;47.568147
1;Schaffhausen;8.632745;47.697859
2;Buchs SG;9.478425;47.1679
3;St. Margrethen;9.638251;47.453212
4;Chiasso;9.03144;45.832179
5;Basel SBB;7.590297;47.548285
6;Zürich HB;8.540192;47.378177
7;Interlaken Ost;7.869068;46.690317
8;Interlaken West;7.851747;46.683427
9;Därligen;7.814447;46.65979
10;Leissigen;7.774686;46.655011
11;Spiez;7.680397;46.686185
12;Thun;7.629896;46.755132
13;Bern;7.440209;46.948105
14;Olten;7.90692;47.351933
15;Brig;7.987841;46.319063
16;Visp;7.881458;46.294025
17;Frutigen;7.651193;46.589019
18;Liestal;7.731659;47.48432
19;Linthal;8.998073;46.925351
20;Linthal Braunwaldbahn;9.002483;46.928394
21;Rüti GL;9.013025;46.934548
22;Diesbach-Betschwanden;9.024362;46.946177
23;Luchsingen-Hätzingen;9.039008;46.965065
24;Leuggelbach;9.046924;46.975742
25;Nidfurn-Haslen;9.059258;46.985897
26;Schwanden GL;9.076911;46.996955
27;Mitlödi;9.081194;47.010129
28;Ennenda;9.076813;47.033395
29;Glarus;9.071462;47.039571
30;Netstal;9.059303;47.065331
31;Näfels-Mollis;9.069806;47.098497
32;Nieder- und Oberurnen;9.062809;47.121943
33;Ziegelbrücke;9.060037;47.136152
34;Rapperswil;8.81673;47.224888
35;Blumenau;8.842383;47.22367
36;Schmerikon;8.943411;47.225768
37;Uznach;8.980272;47.224515
38;Benken SG;9.008631;47.204457
39;Schänis;9.044646;47.157528
40;Sargans;9.444201;47.045826
41;Landquart;9.554909;46.967783
42;Chur;9.528925;46.85308
43;Bilten;9.029585;47.152268
44;Reichenburg;8.982692;47.17251
45;Schübelbach-Buttikon;8.938762;47.176384
46;Siebnen-Wangen;8.900524;47.18258
47;Lachen;8.852692;47.190069
48;Altendorf;8.822059;47.193032
49;Pfäffikon SZ;8.779045;47.202897
50;Freienbach SBB;8.756199;47.207308
51;Bäch;8.727163;47.20098
52;Richterswil;8.707687;47.207916
53;Wädenswil;8.674956;47.229367
54;Au ZH;8.644308;47.246514
55;Horgen;8.596974;47.261671
56;Oberrieden;8.579158;47.279426
57;Thalwil;8.565124;47.295909
58;Rüschlikon;8.553599;47.308182
59;Kilchberg;8.547999;47.324428
60;Zürich Wollishofen;8.530161;47.338442
61;Zürich Enge;8.531574;47.364128
62;Zürich Wiedikon;8.524189;47.371429
63;Zürich Oerlikon;8.54479;47.411496
64;Zürich Flughafen;8.563727;47.450441
65;Wallisellen;8.592534;47.41272
66;Dübendorf;8.623637;47.399731
67;Schwerzenbach ZH;8.659551;47.383985
68;Nänikon-Greifensee;8.686399;47.369359
69;Uster;8.716841;47.351188
70;Aathal;8.766474;47.335605
71;Wetzikon;8.792269;47.318034
72;Hinwil;8.840475;47.299448
73;Fribourg/Freiburg;7.151023;46.803268
74;Villars-sur-Glâne;7.116388;46.789826
75;Matran;7.096329;46.78893
76;Rosé;7.061968;46.782624
77;Neyruz;7.06503;46.766046
78;Cottens;7.034796;46.751208
79;Chénens;7.000432;46.749201
80;Villaz-St-Pierre;6.960639;46.720579
81;Romont;6.911814;46.693502
82;Payerne;6.939879;46.819639
83;Cugy FR;6.889162;46.816024
84;Estavayer-le-Lac;6.842958;46.844497
85;Cheyres;6.786393;46.816939
86;Yvonand;6.746686;46.800864
87;Yverdon-Champ Pittet;6.662317;46.78214
88;Yverdon-les-Bains;6.641145;46.781877
89;Corcelles-Sud;6.957185;46.828844
90;Cousset;6.977484;46.818601
91;Léchelles;7.01162;46.828449
92;Grolley;7.066052;46.831969
93;Belfaux CFF;7.106227;46.816918
94;Mendrisio;8.978602;45.869121
95;Lugano;8.946874;46.005506
96;Bellinzona;9.029508;46.195437
97;Arth-Goldau;8.548851;47.049424
98;Rotkreuz;8.430474;47.141759
99;Zug;8.515295;47.173624
100;Biel/Bienne;7.242908;47.132893
101;Neuchâtel;6.935705;46.996723
102;Lausanne;6.629093;46.516779
103;Oensingen;7.710015;47.285365
104;Solothurn;7.542684;47.204181
105;Grenchen Süd;7.398359;47.188668
106;Winterthur;8.723799;47.500334
107;Wil SG;9.041298;47.462756
108;Uzwil;9.13066;47.435818
109;Flawil;9.189982;47.414926
110;Gossau SG;9.253475;47.412003
111;St. Gallen;9.370282;47.422282
112;Aarau;8.051007;47.391861
113;Grenchen Nord;7.389806;47.191237
114;Moutier;7.381039;47.280667
115;Delémont;7.350053;47.362001
116;Renens VD;6.578938;46.537029
117;Laufen;7.502219;47.419006
118;Sion;7.359191;46.227546
119;Martigny;7.079122;46.105828
120;St-Maurice;7.002049;46.216364
121;Bex;7.000677;46.25146
122;Aigle;6.96368;46.316845
123;Montreux;6.910432;46.435875
124;Vevey;6.843449;46.462998
125;Morges;6.493964;46.511092
126;Nyon;6.235974;46.384407
127;Genève;6.142452;46.210203
128;Genève-Aéroport;6.111985;46.23253
129;Laufenburg;8.06026;47.559482
130;Stein-Säckingen;7.949936;47.541421
131;Mumpf;7.910144;47.547616
132;Möhlin;7.833214;47.561574
133;Rheinfelden;7.791889;47.551346
134;Rheinfelden Augarten;7.767448;47.547649
135;Kaiseraugst;7.7238;47.538249
136;Pratteln Salina Raurica;7.709869;47.530575
137;Pratteln;7.691915;47.52217
138;Muttenz;7.647758;47.533176
139;Gelterkinden;7.848595;47.46604
140;Sissach;7.812853;47.462636
141;Itingen;7.787206;47.467266
142;Frenkendorf-Füllinsdorf;7.719091;47.501458
143;Lausen;7.759583;47.470323
144;Sierre/Siders;7.53283;46.292115
145;Leuk;7.643947;46.311886
146;Basel Dreispitz;7.608941;47.537862
147;Münchenstein;7.617798;47.513431
148;Dornach-Arlesheim;7.611106;47.488609
149;Aesch;7.603054;47.467736
150;Duggingen;7.603448;47.453435
151;Grellingen;7.592076;47.441417
152;Zwingen;7.530416;47.433612
153;Trimbach;7.904277;47.366047
154;Läufelfingen;7.856441;47.392457
155;Buckten;7.847786;47.408984
156;Rümlingen;7.850522;47.425371
157;Sommerau;7.851463;47.439012
158;Diepflingen;7.837702;47.449556
159;Eiken;7.989776;47.533036
160;Frick;8.012973;47.506796
161;Brugg AG;8.208827;47.480853
162;Courtételle;7.31793;47.342823
163;Courfaivre;7.291155;47.335074
164;Bassecourt;7.24684;47.336682
165;Glovelier;7.209296;47.335201
166;St-Ursanne;7.165944;47.367693
167;Courgenay;7.124191;47.405218
168;Porrentruy;7.080074;47.42091
169;Tecknau;7.887542;47.446172
170;Gland;6.269137;46.419976
171;Mendrisio S. Martino;8.982608;45.877397
172;Capolago-Riva S. Vitale;8.978893;45.902847
173;Maroggia-Melano;8.973936;45.932443
174;Melide;8.948352;45.955723
175;Lugano-Paradiso;8.946275;45.988951
176;Lamone-Cadempino;8.932122;46.039721
177;Taverne-Torricella;8.930324;46.056686
178;Mezzovico;8.928584;46.094282
179;Rivera-Bironico;8.925281;46.12398
180;Giubiasco;9.003583;46.173819
181;Effretikon;8.686156;47.425142
182;Bassersdorf;8.626136;47.438718
183;Zürich Wipkingen;8.529526;47.393444
184;Neuhausen;8.624914;47.683135
185;Dachsen;8.614259;47.666936
186;Marthalen;8.656189;47.631588
187;Andelfingen;8.677795;47.593869
188;Weinfelden;9.105985;47.566581
189;Märstetten;9.062181;47.582819
190;Müllheim-Wigoltingen;9.015942;47.588234
191;Hüttlingen-Mettendorf;8.974539;47.58234
192;Felben-Wellhausen;8.94316;47.577102
193;Frauenfeld;8.89676;47.557996
194;Islikon;8.846136;47.547666
195;Rickenbach-Attikon;8.789324;47.535056
196;Wiesendangen;8.775278;47.525846
197;Oberwinterthur;8.759411;47.507246
198;Le Locle-Col-des-Roches;6.726068;47.049879
199;Le Locle;6.746153;47.057855
200;Le Crêt-du-Locle;6.785177;47.077595
201;La Chaux-de-Fonds;6.826018;47.098644
202;Vallorbe;6.370564;46.712398
203;Travers;6.67656;46.942405
204;Courchavon;7.057635;47.439762
205;Courtemaîche;7.055371;47.455863
206;Grandgourt;7.048094;47.469914
207;Buix;7.029955;47.479322
208;Boncourt;7.016542;47.492621
209;Illnau;8.722573;47.408911
210;Fehraltorf;8.750295;47.385284
211;Pfäffikon ZH;8.784524;47.36707
212;Kempten;8.804705;47.332037
213;Dietlikon;8.619087;47.420359
214;Stettbach;8.596134;47.397276
215;Zürich Stadelhofen;8.548466;47.366611
216;Zürich Hardbrücke;8.517034;47.384935
217;Glattbrugg;8.559357;47.430569
218;Bülach;8.537702;47.52265
219;Allaman;6.399703;46.47574
220;Rolle;6.336408;46.462736
221;Coppet;6.187832;46.317381
222;Versoix;6.165746;46.279716
223;Bubikon;8.82259;47.270661
224;Rüti ZH;8.854785;47.260132
225;Jona;8.83489;47.230031
226;Zürich Altstetten;8.488376;47.391109
227;Urdorf;8.435405;47.391074
228;Urdorf Weihermatt;8.429969;47.380093
229;Birmensdorf ZH;8.438805;47.356945
230;Bonstetten-Wettswil;8.4685;47.326298
231;Hedingen;8.445953;47.298783
232;Affoltern am Albis;8.446582;47.276065
233;Mettmenstetten;8.45766;47.243638
234;Knonau;8.465892;47.220393
235;Steinhausen;8.478524;47.195776
236;Steinhausen Rigiblick;8.479691;47.187894
237;Hurden;8.800729;47.214148
238;Baden;8.30755;47.47581
239;Wettingen;8.315221;47.459085
240;Würenlos;8.359903;47.446137
241;Otelfingen;8.387611;47.454836
242;Otelfingen Golfpark;8.402097;47.455813
243;Buchs-Dällikon;8.436414;47.453436
244;Regensdorf-Watt;8.473096;47.437103
245;Zürich Affoltern;8.507418;47.421184
246;Zürich Seebach;8.549777;47.421864
247;Zürich Tiefenbrunnen;8.560994;47.350416
248;Zollikon;8.569779;47.337763
249;Küsnacht Goldbach;8.575951;47.326854
250;Küsnacht ZH;8.580869;47.319241
251;Erlenbach ZH;8.591241;47.305815
252;Winkel am Zürichsee;8.598975;47.297201
253;Herrliberg-Feldmeilen;8.612796;47.281733
254;Meilen;8.644879;47.269438
255;Uetikon;8.678774;47.25903
256;Opfikon;8.561656;47.429602
257;Kloten Balsberg;8.568605;47.441615
258;Kloten;8.583891;47.448966
259;Kemptthal;8.705548;47.453023
260;Männedorf;8.693156;47.253063
261;Stäfa;8.721919;47.240413
262;Uerikon;8.752692;47.235955
263;Feldbach;8.783031;47.239122
264;Kempraten;8.817372;47.238528
265;Rümlang;8.532636;47.453951
266;Oberglatt;8.510604;47.470204
267;Niederglatt;8.503296;47.487469
268;Glattfelden;8.523976;47.549539
269;Eglisau;8.516338;47.572519
270;Hüntwangen-Wil;8.512925;47.581212
271;Rafz;8.54425;47.604439
272;Lottstetten;8.566806;47.625736
273;Jestetten;8.573391;47.654301
274;Neuhausen Rheinfall;8.617458;47.679649
275;Lenzburg;8.171234;47.390829
276;Romanshorn;9.379002;47.564778
277;Amriswil;9.302197;47.550268
278;Sulgen;9.183278;47.538338
279;Muri AG;8.339689;47.2765
280;Boswil-Bünzen;8.315272;47.305175
281;Wohlen AG;8.270009;47.348659
282;Dottikon-Dintikon;8.234461;47.373537
283;Hendschiken;8.207373;47.389425
284;Othmarsingen;8.215175;47.406732
285;Mägenwil;8.234989;47.41427
286;Mellingen Heitersberg;8.276338;47.428072
287;Killwangen-Spreitenbach;8.354194;47.433329
288;Dietikon;8.404519;47.405836
289;Winterthur Wallrüti;8.760868;47.516719
290;Reutlingen;8.752132;47.529655
291;Seuzach;8.738865;47.535633
292;Schlieren;8.448545;47.399433
293;Glanzenberg;8.419585;47.398711
294;Winterthur Grüze;8.751037;47.498751
295;Winterthur Seen;8.766447;47.487583
296;Sennhof-Kyburg;8.76033;47.465174
297;Kollbrunn;8.774108;47.458144
298;Rikon;8.796307;47.445004
299;Turbenthal;8.843991;47.437481
300;Wila;8.848388;47.417781
301;Rupperswil;8.126902;47.403082
302;Neuenhof;8.331233;47.450661
303;Turgi;8.253655;47.491852
304;Winterthur Hegi;8.770258;47.501968
305;Räterschen;8.794997;47.498676
306;Schottikon;8.811705;47.500116
307;Elgg;8.863389;47.498457
308;Aadorf;8.902735;47.488413
309;Guntershausen;8.917016;47.474136
310;Eschlikon;8.958514;47.46149
311;Sirnach;9.000183;47.462095
312;Hettlingen;8.694593;47.545117
313;Henggart;8.68441;47.564116
314;Schloss Laufen am Rheinfall;8.614246;47.67656
315;Villeneuve;6.926999;46.398366
316;Niederhasli;8.488544;47.478277
317;Dielsdorf;8.458927;47.482931
318;Steinmaur;8.448105;47.489511
319;Schöfflisdorf-Oberweningen;8.411793;47.497971
320;Niederweningen Dorf;8.379089;47.507631
321;Niederweningen;8.369874;47.511331
322;Koblenz;8.226676;47.600284
323;Klingnau;8.248818;47.58209
324;Döttingen;8.255804;47.575646
325;Siggenthal-Würenlingen;8.240153;47.517922
326;Oberrieden Dorf;8.577265;47.276827
327;Horgen Oberdorf;8.590198;47.258726
328;Baar;8.523918;47.195492
329;Kreuzlingen;9.169684;47.652347
330;Luzern;8.310246;47.050754
331;Emmenbrücke;8.28204;47.070755
332;Emmenbrücke Gersag;8.277281;47.078832
333;Rothenburg Dorf;8.273606;47.091461
334;Rothenburg;8.248823;47.088292
335;Sempach-Neuenkirch;8.195967;47.116053
336;Nottwil;8.138613;47.138751
337;Oberkirch LU;8.114222;47.155232
338;Sursee;8.098622;47.170218
339;Baar Lindenpark;8.517043;47.183134
340;Baar Neufeld;8.517758;47.188488
341;Ebikon;8.342609;47.084292
342;Buchrain;8.356637;47.093644
343;Root D4;8.373674;47.104571
344;Gisikon-Root;8.395109;47.121522
345;Hünenberg Chämleten;8.449897;47.169152
346;Hünenberg Zythus;8.450074;47.173604
347;Cham;8.456675;47.178025
348;Cham Alpenblick;8.471441;47.182283
349;Zug Chollermüli;8.48576;47.180472
350;Zug Schutzengel;8.50685;47.173522
351;Brunnen;8.610003;46.999554
352;Schwyz;8.632135;47.026809
353;Steinen;8.607464;47.047816
354;Immensee;8.46266;47.091614
355;Sisikon;8.620833;46.949136
356;Flüelen;8.624161;46.901719
357;Erstfeld;8.650667;46.820402
358;Altdorf;8.631565;46.875741
359;Küssnacht am Rigi;8.433249;47.083165
360;Merlischachen;8.409039;47.067656
361;Meggen;8.382155;47.049745
362;Meggen Zentrum;8.374124;47.045043
363;Luzern Verkehrshaus;8.33728;47.053928
364;Beinwil am See;8.202159;47.267616
365;Birrwil;8.198998;47.287848
366;Boniswil;8.184058;47.317107
367;Hallwil;8.175937;47.328636
368;Seon;8.158789;47.346141
369;Waldibrücke;8.320117;47.108412
370;Eschenbach;8.322778;47.132392
371;Ballwil;8.316881;47.153765
372;Hochdorf Schönau;8.298258;47.165078
373;Hochdorf;8.288906;47.166685
374;Baldegg Kloster;8.280578;47.180608
375;Baldegg;8.280528;47.185817
376;Gelfingen;8.264806;47.213555
377;Hitzkirch;8.252348;47.222513
378;Ermensee;8.242303;47.22969
379;Mosen;8.224149;47.244288
380;Zug Postplatz;8.515707;47.167863
381;Zug Casino;8.515186;47.162317
382;Zug Fridbach;8.512275;47.156578
383;Zug Oberwil;8.509921;47.147676
384;Aarburg-Oftringen;7.907819;47.320152
385;Zofingen;7.944106;47.287141
386;Brittnau-Wikon;7.956915;47.262538
387;Reiden;7.969087;47.241498
388;Dagmersellen;7.979592;47.218503
389;Nebikon;7.977012;47.193033
390;Wauwil;8.019008;47.183852
391;St. Erhard-Knutwil;8.074561;47.180077
392;Meyrin;6.076912;46.222332
393;Zimeysa;6.06574;46.221261
394;Satigny;6.037509;46.214221
395;Russin;6.017554;46.187772
396;La Plaine;5.999996;46.17866
397;Vernier;6.093894;46.22071
398;Genève-Sécheron;6.144559;46.222436
399;Chambésy;6.147339;46.242377
400;Les Tuileries;6.14734;46.249944
401;Genthod-Bellevue;6.153963;46.256731
402;Creux-de-Genthod;6.16132;46.26376
403;Pont-Céard;6.162672;46.287392
404;Mies;6.16957;46.299876
405;Tannay;6.181124;46.307635
406;Lancy-Pont-Rouge;6.12533;46.188898
407;Langenthal;7.784468;47.21687
408;Herzogenbuchsee;7.701356;47.188252
409;Burgdorf;7.620648;47.060392
410;Wynigen;7.663693;47.105138
411;Croy-Romainmôtier;6.478119;46.696704
412;Arnex;6.518903;46.698067
413;La Sarraz;6.517365;46.658777
414;Cossonay-Penthalaz;6.523683;46.606003
415;Vufflens-la-Ville;6.530762;46.576237
416;Bussigny;6.551819;46.54758
417;Le Day;6.400513;46.717281
418;Palézieux;6.837877;46.542753
419;Puidoux;6.7656087;46.4933834
420;Prilly-Malley;6.602629;46.52669
421;Eclépens;6.55242;46.657185
422;Bavois;6.559331;46.687672
423;Chavornay;6.56816;46.710077
424;Essert-Pittet;6.580657;46.72766
425;Ependes;6.607658;46.74641
426;Grandson;6.641936;46.80627
427;Bretonnières;6.474731;46.715046
428;Pully;6.659462;46.510919
429;Lutry;6.690611;46.503779
430;Villette VD;6.707284;46.495333
431;Cully;6.727147;46.488551
432;Epesses;6.745163;46.489319
433;Rivaz;6.784589;46.474197
434;St-Saphorin;6.79703;46.472586
435;La Tour-de-Peilz;6.85953;46.455444
436;Burier;6.877115;46.447877
437;Clarens;6.895777;46.442732
438;Territet;6.922702;46.426378
439;Veytaux-Chillon;6.927858;46.417612
440;Roche VD;6.927049;46.358686
441;Denges-Echandens;6.540508;46.529121
442;Lonay-Préverenges;6.519546;46.523123
443;Morges-St-Jean;6.508045;46.51819
444;St-Prex;6.455904;46.482305
445;Etoy;6.427139;46.47516
446;Pully-Nord;6.657988;46.51467
447;La Conversion;6.678325;46.513081
448;Bossière;6.699324;46.509738
449;Grandvaux;6.722647;46.496942
450;Moreillon;6.785648;46.508388
451;Oron;6.837102;46.572534
452;Vauderens;6.850031;46.621449
453;Chexbres-Village;6.778542;46.481053
454;Corseaux-Cornalles;6.824775;46.470446
455;Vevey-Funi;6.835437;46.468272
456;Palézieux-Village;6.82834;46.557239
457;Châtillens;6.815484;46.570528
458;Ecublens-Rue;6.811055;46.610418
459;Moudon;6.802504;46.668052
460;Lucens;6.842143;46.707767
461;Granges-Marnand;6.894289;46.758836
462;Henniez;6.870102;46.734996
463;Corcelles-Nord;6.960287;46.835253
464;Avenches;7.040916;46.884597
465;Murten/Morat;7.115375;46.925392
466;Muntelier-Löwenberg;7.133252;46.937972
467;Galmiz;7.153198;46.950869
468;Kerzers;7.192956;46.974915
469;Dompierre;6.985358;46.854399
470;Domdidier;7.01138;46.868505
471;Faoug;7.074592;46.908232
472;Flamatt;7.3201;46.888603
473;Balerna;9.005034;45.846757
474;S. Antonino;8.973924;46.160442
475;Cadenazzo;8.941688;46.152626
476;Quartino;8.887319;46.151303
477;Magadino-Vira;8.850179;46.145323
478;S. Nazzaro;8.807053;46.135166
479;Gerra (Gambarogno);8.784962;46.122044
480;Ranzo-S. Abbondio;8.776532;46.116998
481;Pino-Tronzano;8.734531;46.105262
482;Maccagno;8.734393;46.044985
483;Colmegna;8.75583;46.023144
484;Stabio;8.943939;45.849726
485;Cantello-Gaggiolo;8.907412;45.837843
486;Düdingen;7.189685;46.850495
487;Valmorea;8.924348;45.819914
488;Castione-Arbedo;9.041399;46.225258
489;Biasca;8.974167;46.351983
490;Airolo;8.608605;46.527527
491;Ambrì-Piotta;8.690151;46.510617
492;Faido;8.790702;46.483077
493;Lavorgo;8.839743;46.440898
494;Bodio TI;8.906559;46.380258
495;Riazzino;8.88532;46.175513
496;Gordola;8.865766;46.179046
497;Tenero;8.850221;46.177469
498;Locarno;8.801358;46.172428
499;Balsthal;7.694948;47.313462
500;Thalbrücke;7.68822;47.308548
501;Klus;7.694219;47.304928
502;Kandersteg;7.671811;46.495397
503;Goppenstein Autorampe;7.7542312;46.3678059
504;Monthey;6.955228;46.255646
505;Massongex;6.985656;46.2412
506;Turtmann;7.700094;46.309368
507;Gampel-Steg;7.747393;46.30647
508;Raron;7.800987;46.306087
509;Rorschach;9.505131;47.477999
510;Heerbrugg;9.62778;47.410862
511;Altstätten SG;9.556371;47.374043
512;Bad Ragaz;9.504867;47.010133
513;Maienfeld;9.529006;47.004036
514;Lyss;7.306026;47.076612
515;Zollikofen;7.462378;47.001282
516;Münchenbuchsee;7.451916;47.021334
517;Schüpfen;7.385944;47.042281
518;Suberg-Grossaffoltern;7.338924;47.05898
519;Walenstadt;9.312065;47.119976
520;Flums;9.347909;47.096407
521;Sonceboz-Sombeval;7.168754;47.195139
522;Courtelary;7.068796;47.17562
523;St-Imier;7.001214;47.151699
524;Corgémont;7.144654;47.193388
525;Cortébert;7.107296;47.189329
526;Cormoret;7.05412;47.172936
527;Villeret;7.019673;47.160196
528;Sonvilier;6.969344;47.141327
529;Renan BE;6.92537;47.125713
530;Chambrelien;6.812253;46.967103
531;Les Geneveys-sur-Coffrane;6.853213;47.015086
532;Les Hauts-Geneveys;6.874668;47.047171
533;Corcelles-Peseux;6.883805;46.983341
534;Göschenen;8.588381;46.665983
535;Wildegg;8.163767;47.415359
536;Les Deurres;6.899149;46.985519
537;Fleurier;6.581579;46.904859
538;Buttes;6.553865;46.888482
539;Neuchâtel-Serrières;6.903358;46.983955
540;Auvernier;6.877706;46.979632
541;Bôle;6.837685;46.968958
542;Champ-du-Moulin;6.774984;46.959903
543;Noiraigue;6.721799;46.954914
544;La Presta Mines d'asphalte;6.654396;46.931119
545;Couvet;6.635668;46.923351
546;Môtiers;6.610334;46.911854
547;La Heutte;7.225388;47.189484
548;Reuchenette-Péry;7.247013;47.189729
549;Frinvillier-Taubenloch;7.25752;47.169445
550;Colombier;6.848869;46.96764
551;Boudry;6.835046;46.959445
552;Bevaix;6.811679;46.929688
553;Gorgier-St-Aubin;6.781025;46.899066
554;Vaumarcus;6.757582;46.877636
555;Concise;6.723161;46.85087
556;Malleray-Bévilard;7.275932;47.238705
557;Pontenet;7.254153;47.238842
558;Reconvilier;7.22741;47.235225
559;Tavannes;7.201634;47.219839
560;Sorvilier;7.305765;47.239238
561;Court;7.342095;47.240588
562;St-Blaise CFF;6.982108;47.014566
563;Cornaux;7.023363;47.03856
564;Cressier NE;7.039526;47.05194
565;Le Landeron;7.066329;47.056627
566;La Neuveville;7.095219;47.062825
567;Ligerz;7.135091;47.083806
568;Twann;7.156242;47.093485
569;Tüscherz;7.197304;47.114996
570;Solothurn West;7.531945;47.206709
571;Langendorf;7.513006;47.217939
572;Lommiswil;7.469494;47.218579
573;Im Holz;7.475007;47.230909
574;Oberdorf SO;7.493499;47.236137
575;Gänsbrunnen;7.465146;47.265676
576;Crémines-Zoo;7.456626;47.272558
577;Corcelles BE;7.450351;47.285619
578;Crémines;7.435309;47.285574
579;Grandval;7.422302;47.283711
580;Solothurn Allmend;7.521573;47.20848
581;Bellach;7.508203;47.209352
582;Selzach;7.456827;47.200844
583;Bettlach;7.428071;47.194845
584;Lengnau;7.366546;47.179424
585;Pieterlen;7.339266;47.17138
586;Biel/Bienne Bözingenfeld/Champs-de-Boujean;7.2948841;47.1586426
587;Biel Mett;7.272475;47.144714
588;Olten Hammer;7.897706;47.348552
589;Wangen bei Olten;7.868561;47.34164
590;Hägendorf;7.843599;47.330424
591;Egerkingen;7.799083;47.315065
592;Oberbuchsiten;7.771605;47.305361
593;Niederbipp;7.694384;47.270272
594;Wangen an der Aare;7.655734;47.231809
595;Deitingen;7.618899;47.218218
596;Luterbach-Attisholz;7.583515;47.217144
597;Lupfig;8.21223;47.443854
598;Birr;8.216763;47.437438
599;Schönenwerd SO;8.000448;47.371538
600;Däniken;7.978765;47.356243
601;Dulliken;7.946559;47.353277
602;Rothrist;7.878497;47.306146
603;Murgenthal;7.832009;47.265649
604;Roggwil-Wynau;7.814904;47.251629
605;Benzenschwil;8.363859;47.248036
606;Mühlau;8.38851;47.225015
607;Sins;8.397488;47.188159
608;Oberrüti;8.404766;47.165924
609;Koblenz Dorf;8.240138;47.609384
610;Rietheim;8.278126;47.600391
611;Bad Zurzach;8.29531;47.588223
612;Rekingen AG;8.327111;47.569968
613;Hunzenschwil;8.125678;47.388284
614;Suhr;8.081889;47.371581
615;Oberentfelden;8.048377;47.356481
616;Kölliken;8.026445;47.337293
617;Kölliken Oberdorf;8.01907;47.324674
618;Safenwil;7.983508;47.321753
619;Walterswil-Striegel;7.963186;47.319923
620;Küngoldingen;7.941694;47.301966
621;Schinznach Bad;8.166928;47.451776
622;Holderbank AG;8.166598;47.428635
623;Münsingen;7.559716;46.872653
624;Basel St. Johann;7.572924;47.570404
625;Ostermundigen;7.482012;46.955851
626;Gümligen;7.505501;46.934315
627;Kleine Scheidegg;7.960123;46.584795
628;Eigergletscher;7.974076;46.574808
629;Jungfraujoch;7.982085;46.547468
630;Generoso Vetta;9.019005;45.928103
631;Bellavista;9.00114;45.911114
632;S. Nicolao;8.988878;45.88638
633;Montreux-Les Planches;6.917563;46.433092
634;Toveyre;6.928476;46.427897
635;Valmont;6.929303;46.428549
636;Glion;6.924732;46.431776
637;Glion-Alpes;6.924331;46.432853
638;Glion-Collège;6.926208;46.433851
639;Le Tremblex;6.932758;46.43604
640;Caux;6.938529;46.431136
641;Haut-de-Caux;6.947958;46.434371
642;Les Echets;6.944894;46.43218
643;Crêt-d'y-Bau;6.955381;46.435149
644;Paccot;6.962696;46.437762
645;Jaman;6.976796;46.441338
646;La Perche;6.975108;46.436401
647;Rochers-de-Naye;6.979026;46.431676
648;Innertkirchen MIB;8.2321;46.702287
649;Innertkirchen Grimseltor;8.229023;46.705601
650;Innertkirchen Unterwasser;8.226078;46.708104
651;Aareschlucht West;8.198578;46.721253
652;Meiringen Alpbach;8.19001;46.723118
653;Meiringen;8.184954;46.727415
654;Vitznau;8.482383;47.009359
655;Mittlerschwanden;8.482469;47.019191
656;Grubisbalm;8.483131;47.026211
657;Freibergen;8.479733;47.030047
658;Romiti Felsentor;8.475923;47.036441
659;Rigi Kaltbad-First;8.466699;47.044009
660;Rigi Staffelhöhe;8.4645;47.048094
661;Rigi Staffel;8.474242;47.053683
662;Rigi Kulm;8.485236;47.055176
663;Arth-Goldau RB;8.547774;47.048885
664;Goldau A4;8.547256;47.043583
665;Kräbel;8.53079;47.040214
666;Fruttli;8.504975;47.038397
667;Rigi Klösterli;8.487134;47.042546
668;Rigi Wölfertschen-First;8.476513;47.047249
669;Lauterbrunnen;7.907573;46.598967
670;Wengwald;7.913627;46.609188
671;Wengen;7.921003;46.604902
672;Wengernalp;7.93894;46.575561
673;Allmend;7.931972;46.594033
674;Sengg (Verzw);7.926012;46.603153
675;Grindelwald Grund;8.023248;46.62246
676;Grindelwald;8.034457;46.624237
677;Alpiglen;8.001903;46.600105
678;Brandegg;8.011174;46.60918
679;Appenzell;9.409769;47.328738
680;Gontenbad;9.372732;47.33175
681;Gonten;9.347732;47.328378
682;Jakobsbad;9.328316;47.32007
683;Urnäsch;9.284965;47.317578
684;Zürchersmühle;9.292579;47.33033
685;Waldstatt;9.286399;47.357465
686;Wilen;9.279423;47.375507
687;Herisau;9.276727;47.389873
688;Steinegg;9.430398;47.320556
689;Weissbad;9.435976;47.310869
690;Schwende;9.435623;47.300024
691;Wasserauen;9.428834;47.285737
692;Trogen;9.461552;47.407243
693;Gfeld;9.455874;47.404994
694;Bendlehn;9.451571;47.406508
695;Speicher;9.443166;47.410649
696;Schützengarten;9.437339;47.4129
697;Vögelinsegg;9.43604;47.416072
698;Schwarzer Bären;9.415438;47.422418
699;St. Gallen Notkersegg;9.403231;47.425343
700;St. Gallen Birnbäumen;9.393429;47.425941
701;St. Gallen Schülerhaus;9.387531;47.424907
702;St. Gallen Spisertor;9.379713;47.424643
703;St. Gallen Marktplatz;9.376383;47.42639
704;St. Gallen AB;9.370588;47.423411
705;St. Gallen Riethüsli;9.366663;47.410944
706;Lustmühle;9.358619;47.399939
707;Niederteufen;9.367798;47.392157
708;Sternen bei Teufen;9.374529;47.389615
709;Stofel;9.380054;47.391106
710;Teufen;9.390066;47.390271
711;Steigbach;9.404812;47.377003
712;Bühler;9.421128;47.373017
713;Strahlholz;9.431968;47.366442
714;Zweibrücken;9.444524;47.360161
715;Gais;9.451173;47.360918
716;Sammelplatz;9.432554;47.348483
717;Hirschberg;9.422833;47.331313
718;Hebrig;9.464713;47.362147
719;Schachen (Gais);9.477256;47.361522
720;Rietli;9.487195;47.360707
721;Stoss AR;9.495171;47.360826
722;Kreuzstrasse;9.505596;47.365696
723;Warmesberg;9.513555;47.365364
724;Alter Zoll;9.522076;47.36854
725;Altstätten Stadt;9.537312;47.376758
726;Heiden;9.536338;47.445884
727;Schwendi bei Heiden;9.530743;47.459409
728;Wienacht-Tobel;9.54063;47.466212
729;Wartensee;9.533579;47.471801
730;Sandbüchel;9.52175;47.475389
731;Seebleiche;9.516353;47.477519
732;Rorschach Hafen;9.492905;47.478595
733;Walzenhausen;9.601095;47.45125
734;Ruderbach;9.595433;47.461109
735;Rheineck;9.589825;47.468096
736;Münchwilen TG;8.999157;47.476844
737;Münchwilen Pflegeheim;8.991719;47.481595
738;Rosental;8.975242;47.492277
739;Wängi;8.953314;47.496398
740;Wiesengrund;8.948872;47.502177
741;Jakobstal;8.944257;47.508903
742;Matzingen;8.932965;47.520474
743;Weberei Matzingen;8.922198;47.527224
744;Lüdem;8.90235;47.541941
745;Frauenfeld Marktplatz;8.898907;47.554416
746;Aigle-Dépôt;6.975378;46.318288
747;Fontanney;6.982311;46.318316
748;Pont-de-Drapel;6.98653;46.319862
749;Rennaz (Leysin);7.000882;46.327358
750;La Roulaz;7.001486;46.331319
751;Leysin-Village;7.006059;46.339261
752;Versmont;7.006964;46.341415
753;Leysin-Feydey;7.008369;46.344443
754;Leysin-Grand-Hôtel;7.006437;46.345551
755;Aigle-Place-du-Marché;6.970349;46.317241
756;Monthey-Ville;6.947513;46.254093
757;Monthey-En Place;6.945927;46.26023
758;Collombey-Muraz;6.946031;46.270171
759;Corbier;6.951449;46.272173
760;Pont du Rhône;6.961791;46.276149
761;St-Triphon-Gare;6.973735;46.278223
762;Villy;6.994409;46.286897
763;Les Arnoux;6.996787;46.291305
764;Ollon;6.993108;46.296823
765;St-Triphon-Village;6.975802;46.30207
766;Aigle-Hôpital;6.966059;46.310468
767;Monthey-Hôpital;6.940764;46.251877
768;Chemex;6.930065;46.243616
769;Croix-du-Nant;6.927458;46.239664
770;Les Neys;6.924795;46.236018
771;Route de Morgins;6.920272;46.231796
772;Troistorrents;6.915821;46.228285
773;Pont de Fayot;6.903741;46.219017
774;Fayot;6.899521;46.212061
775;Val-d'Illiez;6.89323;46.203602
776;En Charnet;6.887026;46.197014
777;La Cour;6.886692;46.194232
778;Champéry-Village;6.874855;46.181472
779;Champéry;6.871504;46.174951
780;Les Diablerets;7.155024;46.351158
781;La Faverge;7.147131;46.354926
782;Les Bovets;7.141645;46.35546
783;Vers-l'Eglise;7.134146;46.353632
784;Plan Morier;7.12921;46.353573
785;Les Nicolets;7.119552;46.354455
786;Les Aviolats;7.113169;46.352971
787;Sur-le-Buis;7.100643;46.353303
788;Les Echenards;7.085065;46.355351
789;Les Planches (Aigle);7.055275;46.355344
790;Le Sépey;7.052803;46.361236
791;Les Fontanelles;7.045463;46.34313
792;Exergillod;7.038494;46.337105
793;Plambuit;7.023983;46.327346
794;Verschiez;6.9835225;46.3080414
795;Aigle-Parc Aventure;6.986231;46.3153
796;Aigle-Château;6.9799751;46.3161762
797;Bière;6.336918;46.53743
798;Ballens;6.37446;46.552245
799;Ballens-Froideville;6.390237;46.549648
800;Apples;6.423583;46.550869
801;Reverolle;6.430976;46.540418
802;Chardonney-Château;6.432569;46.534693
803;Yens;6.42733;46.519946
804;Bussy-Chardonney;6.446519;46.526773
805;Le Marais;6.462591;46.527461
806;Vufflens-le-Château;6.473183;46.524799
807;Chigny;6.472259;46.51601
808;Prélionne;6.480272;46.509457
809;La Gottaz;6.484467;46.506542
810;Le Manège;6.432179;46.559105
811;Pampigny-Sévery;6.432172;46.576972
812;Mauraz;6.429728;46.584912
813;Tuilerie;6.414221;46.592789
814;Montricher;6.39305;46.59632
815;Villars-Bozon;6.402359;46.610449
816;L'Isle;6.411184;46.617258
817;Bremgarten;8.346555;47.351473
818;Berikon-Widen;8.36676;47.361801
819;Rudolfstetten;8.38118;47.369501
820;Bremgarten Obertor;8.343694;47.350605
821;Bremgarten Isenlauf;8.341524;47.345936
822;Bremgarten West;8.337309;47.345582
823;Erdmannlistein;8.31276;47.349593
824;Wohlen Oberdorf;8.28626;47.346894
825;Bibenlos-Sonnenhof;8.350274;47.353792
826;Zufikon;8.354713;47.352524
827;Zufikon Hammergut;8.354599;47.355907
828;Widen Heinrüti;8.354783;47.362013
829;Zufikon Belvédère;8.359234;47.357579
830;Rudolfstetten Hofacker;8.377032;47.36474
831;Reppischhof;8.39623;47.384731
832;Dietikon Stoffelbach;8.398942;47.393407
833;Bergfrieden;8.399086;47.397714
834;Dietikon Schöneggstrasse;8.400912;47.401989
835;Mürren BLM;7.897242;46.564106
836;Winteregg;7.896048;46.581805
837;Grütschalp;7.890874;46.596516
838;Uetendorf Allmend;7.594884;46.773122
839;Uetendorf;7.572762;46.774769
840;Seftigen;7.540169;46.786928
841;Burgistein;7.520332;46.78931
842;Thurnen;7.513647;46.813836
843;Kaufdorf;7.501856;46.837663
844;Toffen;7.495954;46.859102
845;Belp;7.498426;46.889432
846;Bern Wankdorf;7.464386;46.966597
847;Schönbühl SBB;7.498923;47.018936
848;Hindelbank;7.545321;47.049737
849;Lyssach;7.581787;47.064153
850;Burgdorf Steinhof;7.617583;47.053111
851;Oberburg;7.62963;47.039617
852;Hasle-Rüegsau;7.656205;47.015985
853;Lützelflüh-Goldbach;7.683011;47.004687
854;Wiler;7.555834;47.151909
855;Utzenstorf;7.55365;47.129478
856;Aefligen;7.559505;47.095499
857;Kirchberg-Alchenflüh;7.581532;47.08199
858;Burgdorf Buchmatt;7.608211;47.065385
859;Rubigen;7.545287;46.899042
860;Signau;7.725991;46.920132
861;Bowil;7.697171;46.90042
862;Konolfingen;7.621315;46.880857
863;Worb SBB;7.564341;46.915448
864;Uttigen;7.582397;46.794287
865;Kiesen;7.575492;46.818942
866;Wichtrach;7.569007;46.841411
867;Bern Europaplatz;7.406309;46.943252
868;Bern Bümpliz Süd;7.395215;46.937824
869;Niederwangen;7.37708;46.925789
870;Thörishaus Dorf;7.351726;46.893642
871;Wünnewil;7.280642;46.871859
872;Schmitten;7.253915;46.862932
873;Fribourg/Freiburg Poya;7.15543;46.814703
874;Thörishaus Station;7.357023;46.90462
875;Oberwangen;7.362193;46.914563
876;Flamatt Dorf;7.310518;46.889905
877;Neuenegg;7.299683;46.893725
878;Laupen;7.238015;46.902601
879;Langnau i.E.;7.784994;46.93885
880;Emmenmatt;7.747304;46.948402
881;Zäziwil;7.662719;46.89988
882;Tägertschi;7.580834;46.882281
883;Busswil;7.318617;47.098673
884;Studen BE;7.301739;47.110428
885;Brügg BE;7.278932;47.123945
886;Bern  Europaplatz;7.407465;46.943441
887;Bern Weissenbühl;7.430162;46.935836
888;Wabern bei Bern;7.445881;46.928658
889;Kehrsatz Nord;7.466109;46.915837
890;Kehrsatz;7.470661;46.909656
891;Belp Steinbach;7.493092;46.895165
892;Ramsei;7.710427;46.996944
893;Zollbrück;7.742321;46.97568
894;Neumühle;7.749178;46.965938
895;Bern Bümpliz Nord;7.39031;46.94572
896;Bern Brünnen Westside;7.374983;46.944417
897;Rosshäusern;7.296807;46.934236
898;Gümmenen;7.234121;46.942893
899;Bern Stöckacker;7.401172;46.946354
900;Riedbach;7.334338;46.941077
901;Schwarzenburg;7.343107;46.819054
902;Lanzenhäusern;7.347418;46.842104
903;Schwarzwasserbrücke;7.362465;46.862876
904;Mittelhäusern;7.368151;46.876463
905;Niederscherli;7.388265;46.886234
906;Gasel;7.40085;46.901
907;Moos;7.400567;46.910598
908;Köniz;7.415301;46.924733
909;Liebefeld;7.419199;46.930338
910;St-Blaise-Lac;6.98468;47.012094
911;Marin-Epagnier;7.010586;47.009099
912;Zihlbrücke;7.030573;47.009271
913;Gampelen;7.05736;47.009418
914;Ins;7.100292;46.999793
915;Müntschemier;7.142428;46.993316
916;Sumiswald-Grünen;7.736773;47.025087
917;Grünenmatt;7.723767;47.008326
918;Gerlafingen;7.565185;47.169745
919;Biberist Ost;7.566345;47.180627
920;Wolhusen;8.079379;47.055738
921;Werthenstein;8.10185;47.057022
922;Schachen LU;8.143246;47.037967
923;Malters;8.181882;47.038245
924;Littau;8.257504;47.05305
925;Entlebuch;8.062187;46.993243
926;Hasle LU;8.04716;46.978112
927;Schüpfheim;8.015269;46.950598
928;Escholzmatt;7.936136;46.915158
929;Trubschachen;7.846053;46.921882
930;Huttwil;7.842996;47.114372
931;Rohrbach;7.813824;47.137138
932;Kleindietwil;7.790961;47.146304
933;Lindenholz;7.790528;47.154607
934;Madiswil;7.795645;47.166672
935;Gutenburg;7.793264;47.181575
936;Lotzwil;7.788381;47.189469
937;Langenthal Süd;7.779117;47.205885
938;Zell;7.926527;47.136742
939;Gettnau;7.970119;47.140633
940;Willisau;7.997202;47.122209
941;Menznau;8.038556;47.083375
942;Wolhusen Weid;8.070737;47.065114
943;Hüswil;7.906117;47.128705
944;Grosshöchstetten;7.63519;46.904626
945;Biglen;7.626282;46.924727
946;Walkringen;7.619019;46.947524
947;Bigenthal;7.623586;46.965606
948;Schafhausen i.E.;7.656829;46.994494
949;Stalden i.E.;7.622948;46.87095
950;Oberdiessbach;7.618173;46.839384
951;Brenzikofen;7.610687;46.818319
952;Heimberg;7.606083;46.791439
953;Lädeli;7.609025;46.781585
954;Steffisburg;7.61502;46.772913
955;Schwäbis;7.619228;46.762652
956;Zweisimmen;7.375268;46.553108
957;Boltigen;7.390012;46.627535
958;Oberwil im Simmental;7.435372;46.656053
959;Erlenbach im Simmental;7.556092;46.658989
960;Oey-Diemtigen;7.579769;46.660158
961;Wimmis;7.635562;46.675638
962;Iselle di Trasquera;8.207046;46.207011
963;Varzo;8.245195;46.206305
964;Preglia;8.29283;46.145456
965;Goppenstein;7.755371;46.368068
966;Hohtenn;7.764546;46.322614
967;Ausserberg;7.842376;46.312469
968;Eggerberg;7.881003;46.30672
969;Reichenbach im Kandertal;7.690062;46.625228
970;Mülenen;7.691284;46.638206
971;Lalden;7.908359;46.301482
972;Blausee-Mitholz;7.675488;46.52897
973;Lyss Grien;7.296621;47.073039
974;Aarberg;7.278683;47.044537
975;Bargen;7.261169;47.040157
976;Kallnach;7.234634;47.025253
977;Fräschels;7.206032;46.999122
978;Kerzers Papiliorama;7.199276;46.989771
979;Büren an der Aare;7.369489;47.138059
980;Dotzigen;7.337744;47.11866
981;Faulensee;7.697906;46.67376
982;Enge im Simmental;7.417634;46.647487
983;Weissenburg;7.475938;46.659312
984;Därstetten;7.494229;46.658891
985;Ringoldingen;7.524629;46.657505
986;Burgholz;7.60558;46.666484
987;Eifeld;7.642272;46.68392
988;Lattigen bei Spiez;7.650587;46.691183
989;Grubenwald;7.383129;46.579775
990;Weissenbach;7.374098;46.603329
991;Zweilütschinen;7.899704;46.632706
992;Wilderswil;7.869213;46.665839
993;Schwendi bei Grindelwald;8.003068;46.630478
994;Burglauenen;7.975358;46.635739
995;Lütschental;7.94899;46.637102
996;Beringerfeld;8.592641;47.695305
997;Siselen-Finsterhennen;7.180383;47.031152
998;Lüscherz;7.177143;47.048001
999;Hagneck;7.18609;47.056828
1000;Täuffelen;7.199036;47.066867
1001;Gerolfingen;7.201238;47.074976
1002;Mörigen;7.21224;47.085424
1003;Lattrigen;7.210651;47.096727
1004;Sutz;7.219416;47.101871
1005;Ipsach Herdi;7.228925;47.112368
1006;Ipsach;7.235467;47.117372
1007;Nidau Beunden;7.241831;47.121161
1008;Nidau;7.241769;47.12359
1009;Ins Dorf;7.104041;47.005795
1010;Brüttelen;7.148288;47.020596
1011;Villars-sur-Ollon;7.056237;46.296254
1012;Arveyes;7.062696;46.291247
1013;La Clairière;7.068011;46.288341
1014;La Barboleuse;7.070501;46.282745
1015;Gryon Bois-Gentil;7.067564;46.277725
1016;Gryon;7.059718;46.273579
1017;Gryon-Chalméry;7.051921;46.273642
1018;Les Posses;7.050901;46.271165
1019;Fontannaz-Seulaz;7.055856;46.267601
1020;Bévieux;7.030886;46.258986
1021;Foyer Dents-du-Midi;7.029855;46.256391
1022;Les Salines;7.027649;46.254836
1023;Grand-Moulin;7.023231;46.252616
1024;Bex Pont-Neuf;7.020836;46.25052
1025;Bex-Place-du-Marché;7.01444;46.25091
1026;La Ruaz;7.007731;46.25308
1027;Roches Grises;7.061109;46.293761
1028;Col-de-Soud;7.069546;46.304943
1029;Villars-sur-Ollon Golf;7.075501;46.309119
1030;Bouquetins;7.07235;46.316395
1031;Col-de-Bretaye;7.073624;46.321931
1032;Blonay;6.895951;46.465691
1033;Château-de-Blonay;6.891758;46.468342
1034;La Chiésaz;6.882137;46.46951
1035;St-Légier-Village;6.876575;46.471012
1036;St-Légier-Gare;6.871932;46.47053
1037;Château-d'Hauteville;6.865301;46.468463
1038;Hauteville;6.860898;46.466255
1039;Gilamont;6.85264;46.471412
1040;Prélaz-sur-Blonay;6.897937;46.468822
1041;Tusinge;6.896259;46.473851
1042;Les Chevalleyres;6.89813;46.475587
1043;Bois-de-Chexbres;6.901538;46.473274
1044;Fayaux;6.907638;46.469974
1045;Ondallaz-L'Alliaz;6.913961;46.473161
1046;Lally;6.914033;46.479206
1047;Les Pléiades;6.909942;46.483353
1048;Tramelan;7.105569;47.222811
1049;Tramelan-Dessous;7.112675;47.222436
1050;Tramelan-Chalet;7.092441;47.223456
1051;Les Reussilles;7.083444;47.224238
1052;Le Pied-d'Or;7.056274;47.222037
1053;La Chaux-des-Breuleux;7.025194;47.220364
1054;Les Breuleux;7.005155;47.210432
1055;Les Breuleux-Eglise;7.0024;47.213111
1056;Le Noirmont;6.956854;47.223678
1057;Les Emibois;6.985313;47.232348
1058;Muriaux;6.985468;47.243691
1059;Saignelégier;6.994503;47.254673
1060;Le Creux-des-Biches;6.940645;47.20346
1061;Le Boéchet;6.922098;47.19424
1062;Les Bois;6.906172;47.176897
1063;La Large-Journée;6.8967;47.161255
1064;La Chaux-d'Abel;6.898712;47.152719
1065;La Ferrière;6.894529;47.142688
1066;La Cibourg;6.883655;47.122118
1067;La Chaux-de-Fonds-Est;6.837161;47.10348
1068;Le Bémont;7.014251;47.263256
1069;Pré-Petitjean;7.058813;47.27712
1070;La Combe;7.100104;47.284913
1071;Bollement;7.123944;47.297168
1072;Combe-Tabeillon;7.158444;47.313798
1073;Bonfol;7.155394;47.473978
1074;Vendlincourt;7.156649;47.45254
1075;Alle;7.128333;47.424135
1076;Les Brenets;6.707379;47.067203
1077;Les Frêtes;6.725807;47.058602
1078;Le Locle Le Chalet;6.738899;47.055913
1079;Les Ponts-de-Martel;6.735874;46.999637
1080;Le Stand;6.745586;47.005129
1081;Petit-Martel;6.755279;47.010126
1082;Petit-Martel-Est;6.765242;47.013675
1083;Les Coeudres;6.780176;47.022829
1084;Les Coeudres-Est;6.789469;47.028766
1085;La Sagne;6.802266;47.040135
1086;La Sagne-Eglise;6.818537;47.050875
1087;La Corbatière;6.834897;47.069466
1088;Le Reymond;6.844075;47.087045
1089;La Chaux-de-Fonds-Grenier;6.833699;47.099737
1090;Boudry Littorail;6.838953;46.949588
1091;Boudry Tuilière;6.84286;46.951462
1092;Areuse Littorail;6.85281;46.954545
1093;Colombier NE Les Chézards;6.863949;46.960835
1094;Colombier NE Littorail;6.865419;46.965871
1095;Colombier NE Allées Littorail;6.869509;46.968068
1096;Auvernier Littorail;6.878919;46.974231
1097;Neuchâtel Serrières Ruau;6.897087;46.980085
1098;Neuchâtel Port-de-Serrières;6.9041338;46.9806571
1099;Neuchâtel Champ-Bougin;6.912277;46.984555
1100;Neuchâtel Evole;6.923374;46.989678
1101;Neuchâtel Place Pury Littorail;6.928188;46.989412
1102;Esslingen;8.710088;47.287808
1103;Emmat;8.701828;47.292387
1104;Langwies ZH;8.694391;47.296049
1105;Egg;8.689613;47.301507
1106;Hinteregg;8.684343;47.305738
1107;Neuhaus bei Hinteregg;8.672008;47.313346
1108;Scheuren;8.659548;47.3226
1109;Forch;8.649565;47.325746
1110;Neue Forch;8.637845;47.325814
1111;Maiacher;8.631071;47.328178
1112;Zumikon;8.623806;47.331689
1113;Waltikon;8.617026;47.336796
1114;Zollikerberg;8.6034;47.346056
1115;Spital Zollikerberg;8.596796;47.347318
1116;Waldburg;8.593024;47.345476
1117;Zürich Rehalp;8.582979;47.351027
1118;Zürich Balgrist;8.57502;47.354578
1119;Zürich Hegibachplatz;8.560623;47.36169
1120;Zürich Kreuzplatz;8.554083;47.364875
1121;Zürich Stadelhofen FB;8.54813;47.366353
1122;Zürich Wetlistrasse;8.568626;47.360155
1123;Ponte Tresa;8.860479;45.969995
1124;Caslano;8.876282;45.977739
1125;Magliaso;8.884115;45.981642
1126;Magliaso Paese;8.890576;45.983412
1127;Agno;8.900913;45.995937
1128;Serocca;8.904568;46.008521
1129;Bioggio;8.908886;46.012109
1130;Bioggio Molinazzo;8.914007;46.012366
1131;Cappella-Agnuzzo;8.92445;45.993263
1132;Sorengo Laghetto;8.933338;45.996816
1133;Sorengo;8.93483;46.000395
1134;Lugano FLP;8.947595;46.004489
1135;Brig Bahnhofplatz;7.986386;46.319007
1136;Bitsch;8.015778;46.33589
1137;Mörel;8.047137;46.35621
1138;Betten Talstation;8.07652;46.371162
1139;Grengiols;8.091683;46.375213
1140;Lax;8.117639;46.387736
1141;Fiesch Feriendorf;8.13116;46.3976801
1142;Fiesch;8.13298;46.403063
1143;Fürgangen-Bellwald Talstation;8.152316;46.411903
1144;Niederwald;8.189995;46.435391
1145;Blitzingen;8.204972;46.444665
1146;Biel (Goms);8.219424;46.455056
1147;Gluringen;8.233907;46.462782
1148;Reckingen;8.243882;46.468226
1149;Münster VS;8.266538;46.485363
1150;Geschinen;8.282108;46.491654
1151;Ulrichen;8.30922;46.505798
1152;Obergesteln;8.326242;46.513376
1153;Oberwald;8.342069;46.530209
1154;Realp;8.503458;46.598634
1155;Hospental;8.570961;46.621085
1156;Andermatt;8.594468;46.637133
1157;Eyholz;7.916301;46.29678
1158;Oberalppass;8.670502;46.660231
1159;Nätschen;8.612947;46.642431
1160;Disentis/Mustér;8.855021;46.704979
1161;Acla da Fontauna;8.845781;46.697176
1162;Segnas;8.829812;46.691002
1163;Mumpé Tujetsch;8.824442;46.681963
1164;Bugnei;8.786463;46.682355
1165;Sedrun;8.769776;46.681067
1166;Rueras;8.754896;46.678234
1167;Dieni;8.742866;46.669934
1168;Tschamut-Selva;8.709085;46.656748
1169;Masera;8.323802;46.131903
1170;Trontano;8.334003;46.122691
1171;Gagnone-Orcesco;8.419168;46.128371
1172;Druogno;8.433424;46.133149
1173;S. Maria Maggiore;8.460727;46.136594
1174;Prestinone;8.47968;46.132912
1175;Zornasco;8.490812;46.12975
1176;Malesco;8.498824;46.129225
1177;Re;8.538364;46.126508
1178;Folsogno-Dissimo;8.55806;46.134231
1179;Ribellasca;8.601552;46.154177
1180;Camedo;8.611004;46.154871
1181;Palagnedra;8.630936;46.161194
1182;Verdasio;8.649203;46.165219
1183;Corcapolo;8.675142;46.168815
1184;Intragna;8.702269;46.177665
1185;Cavigliano;8.721424;46.183747
1186;Verscio;8.729721;46.184579
1187;Tegna;8.74263;46.186014
1188;Ponte Brolla;8.753308;46.185647
1189;S. Martino;8.770371;46.172006
1190;Solduno;8.777653;46.169536
1191;Locarno S. Antonio;8.786042;46.168923
1192;Locarno FART;8.801015;46.172675
1193;Verigo;8.351517;46.121741
1194;Creggio;8.323536;46.123494
1195;Borgnone-Cadanza;8.622501;46.15853
1196;Buttogno;8.445058;46.136015
1197;Marone;8.377093;46.123196
1198;Sugiez;7.119346;46.964128
1199;Münchenwiler-Courgevaux;7.116224;46.910894
1200;Cressier FR;7.149715;46.90018
1201;Courtepin;7.122704;46.867123
1202;Pensier;7.135282;46.84161
1203;Belfaux-Village;7.110228;46.822695
1204;Givisiez;7.125333;46.816711
1205;Bulle;7.055037;46.618189
1206;La Tour-de-Trême Ronclina;7.061313;46.60563
1207;Le Pâquier-Montbarry;7.059693;46.594681
1208;Gruyères;7.073255;46.582608
1209;Enney;7.08524;46.565401
1210;Villars-sous-Mont;7.073035;46.543926
1211;Neirivue;7.061567;46.52829
1212;Albeuve;7.055423;46.517933
1213;Lessoc;7.052554;46.50738
1214;Montbovon;7.04264;46.485891
1215;Vuadens-Sud;7.020168;46.617957
1216;Vaulruz-Sud;6.989973;46.619209
1217;La Verrerie;6.924879;46.58752
1218;Semsales;6.926932;46.573343
1219;Châtel-St-Denis;6.898745;46.526138
1220;Remaufens;6.876182;46.523878
1221;Bossonnens;6.853237;46.525768
1222;La Tour-de-Trême;7.061443;46.605616
1223;La Tour-de-Trême Parqueterie;7.071114;46.604518
1224;Les Marches;7.091272;46.602968
1225;Broc-Village;7.098744;46.604052
1226;Broc-Fabrique;7.109333;46.605423
1227;Echallens;6.63254;46.639501
1228;Assens;6.620532;46.613147
1229;Etagnières;6.61303;46.600048
1230;Les Ripes;6.608061;46.592185
1231;Cheseaux;6.605964;46.584343
1232;Romanel-sur-Lausanne;6.603171;46.562462
1233;Jouxtens-Mézery;6.601694;46.548328
1234;Montétan;6.613183;46.53033
1235;Lausanne-Chauderon;6.626064;46.523226
1236;Lausanne-Flon;6.630349;46.520791
1237;Sur Roche;6.638926;46.640445
1238;Grésaley;6.642151;46.643167
1239;Sugnens;6.665757;46.654845
1240;Fey;6.685081;46.674316
1241;Bercher;6.703648;46.692879
1242;Bel-Air LEB;6.605529;46.578673
1243;Vernand-Camarès;6.604801;46.570931
1244;Le Lussex;6.60091;46.556868
1245;Cery-Fleur-de-Lys;6.605012;46.544574
1246;Prilly-Chasseur;6.607435;46.539644
1247;Union-Prilly;6.609857;46.534713
1248;Langenthal Gaswerk;7.782169;47.224801
1249;Langenthal Industrie Nord;7.786471;47.228557
1250;Kaltenherberg;7.79943;47.237215
1251;Roggwil Schmitten;7.815082;47.237426
1252;Roggwil Dorf;7.822531;47.239299
1253;Roggwil Buchägerten;7.831658;47.235887
1254;St. Urban;7.836014;47.231995
1255;St. Urban Ziegelei;7.836058;47.227326
1256;Le Châtelard-Frontière;6.950612;46.053672
1257;Le Châtelard VS;6.958021;46.060289
1258;Finhaut;6.976377;46.082324
1259;Le Trétien;6.9977;46.102336
1260;La Médettaz;7.007839;46.108834
1261;Les Marécottes;7.011692;46.112312
1262;Salvan;7.021049;46.121612
1263;Vernayaz MC;7.044933;46.130127
1264;Les Fumeaux;7.052765;46.120493
1265;Saanenmöser;7.311159;46.517431
1266;Schönried;7.290762;46.504533
1267;Gstaad;7.283706;46.475531
1268;Saanen;7.26046;46.488675
1269;Rougemont;7.208963;46.488618
1270;Château-d'Oex;7.131419;46.47467
1271;Rossinière;7.083243;46.464814
1272;Les Avants;6.94333;46.453808
1273;Chamby;6.913504;46.449176
1274;Chernex;6.910087;46.445922
1275;Les Sciernes;7.034224;46.491457
1276;Oeschseite;7.352288;46.531368
1277;Gruben;7.280133;46.490539
1278;Flendruz;7.186071;46.482092
1279;Les Combes;7.171835;46.477472
1280;Les Granges-Gérignoz;7.155733;46.473933
1281;Château-d'Oex La Palaz;7.141697;46.476263
1282;La Chaudanne-Les Moulins;7.096904;46.466116
1283;La Tine;7.046579;46.467167
1284;Allières;7.007891;46.469815
1285;Les Cases;6.997719;46.455922
1286;Jor;6.965124;46.454666
1287;Sendy-Sollard;6.92908;46.446638
1288;Sonzier;6.921214;46.439046
1289;Fontanivent;6.902341;46.452722
1290;Planchamp;6.901003;46.451177
1291;Châtelard VD;6.901151;46.446779
1292;Belmont-sur-Montreux;6.90613;46.442035
1293;Vuarennes;6.910973;46.439116
1294;Montreux-Collège;6.91272;46.436101
1295;Blankenburg;7.38532;46.541104
1296;Stöckli;7.388407;46.516817
1297;St. Stephan;7.400521;46.505128
1298;Matten;7.421643;46.493708
1299;Boden;7.435386;46.470771
1300;Lenk im Simmental;7.444342;46.457628
1301;Tägerwilen-Gottlieben;9.132959;47.659618
1302;Triboltingen;9.108749;47.662901
1303;Ermatingen;9.085598;47.669888
1304;Mannenbach-Salenstein;9.052779;47.67365
1305;Berlingen;9.022001;47.673211
1306;Steckborn;8.980986;47.66466
1307;Mammern;8.913984;47.644158
1308;Eschenz;8.876536;47.645411
1309;Stein am Rhein;8.855663;47.655769
1310;Rebstein-Marbach;9.58675;47.392638
1311;Au SG;9.641244;47.436114
1312;Oberriet;9.571367;47.323479
1313;Rüthi SG;9.536046;47.286733
1314;Salez-Sennwald;9.501872;47.241138
1315;Sevelen;9.493449;47.125217
1316;St. Gallen Winkeln;9.300752;47.400689
1317;Staad;9.53652;47.480772
1318;St. Gallen St. Fiden;9.395288;47.435384
1319;Mörschwil;9.414372;47.474771
1320;Goldach;9.468101;47.473355
1321;Rorschach Stadt;9.490846;47.475788
1322;Wattwil;9.086793;47.299456
1323;Ebnat-Kappel;9.121052;47.264442
1324;Krummenau;9.167942;47.248858
1325;Nesslau-Neu St. Johann;9.197798;47.22666
1326;St. Gallen Haggen;9.338153;47.407565
1327;Schachen (Herisau);9.243514;47.385556
1328;Degersheim;9.200464;47.372816
1329;Mogelsberg;9.142605;47.363744
1330;Brunnadern-Neckertal;9.130669;47.338109
1331;Lichtensteig;9.083332;47.319757
1332;St. Gallen Bruggen;9.33196;47.41042
1333;Arnegg;9.252357;47.442582
1334;Hauptwil;9.251575;47.476861
1335;Bischofszell Stadt;9.241979;47.492449
1336;Sitterdorf;9.248978;47.505024
1337;Bischofszell Nord;9.234019;47.500417
1338;Kradolf;9.201557;47.52472
1339;Bürglen;9.149855;47.549101
1340;Egnach;9.382468;47.543992
1341;Arbon Seemoosriet;9.424292;47.52152
1342;Arbon;9.431976;47.511077
1343;Steinach;9.44212;47.500862
1344;Horn;9.462791;47.493511
1345;Etzwilen;8.818593;47.661144
1346;Schlattingen;8.770414;47.666627
1347;Diessenhofen;8.752691;47.685438
1348;St. Katharinental;8.732017;47.687559
1349;Schlatt;8.687496;47.679502
1350;Langwiesen;8.662296;47.683449
1351;Feuerthalen;8.64503;47.69149
1352;Uttwil;9.339688;47.586022
1353;Kesswil;9.317405;47.595498
1354;Güttingen;9.292227;47.60875
1355;Altnau;9.266047;47.621094
1356;Landschlacht;9.24694;47.628896
1357;Münsterlingen Spital;9.236108;47.632051
1358;Münsterlingen-Scherzingen;9.226998;47.633424
1359;Bottighofen;9.213081;47.640708
1360;Kurzrickenbach Seepark;9.196349;47.643086
1361;Kreuzlingen Hafen;9.182132;47.648716
1362;Wittenbach;9.388418;47.462868
1363;Roggwil-Berg;9.392012;47.485587
1364;Häggenschwil-Winden;9.358484;47.50389
1365;Muolen;9.337036;47.517477
1366;Steinebrunn;9.349839;47.531535
1367;Neukirch-Egnach;9.376501;47.538847
1368;Bazenheid;9.068741;47.409827
1369;Lütisburg;9.070674;47.383828
1370;Bütschwil;9.074966;47.359261
1371;Dietfurt;9.078307;47.344784
1372;Erlen;9.22619;47.551457
1373;Oberaach;9.269914;47.553527
1374;Bussnang;9.08414;47.55608
1375;Oppikon;9.062091;47.552064
1376;Märwil;9.069217;47.533127
1377;Tobel-Affeltrangen;9.033319;47.521384
1378;Tägerschen;9.02478;47.509366
1379;Bettwiesen;9.020769;47.498617
1380;Bronschhofen AMP;9.030909;47.481269
1381;Bronschhofen;9.034662;47.475442
1382;Winterthur Töss;8.709855;47.489541
1383;Winterthur Wülflingen;8.68297;47.515109
1384;Pfungen;8.646284;47.516235
1385;Embrach-Rorbas;8.587119;47.520507
1386;Bauma;8.878783;47.36846
1387;Steg;8.932358;47.353854
1388;Fischenthal;8.922528;47.333605
1389;Gibswil;8.915577;47.313876
1390;Wald;8.913989;47.272685
1391;Tann-Dürnten;8.852704;47.268371
1392;Rämismühle-Zell;8.820088;47.441142
1393;Saland;8.854319;47.394122
1394;Zweidlen;8.468412;47.570571
1395;Kaiserstuhl AG;8.418339;47.566517
1396;Rümikon AG;8.374681;47.565645
1397;Mellikon;8.352497;47.568484
1398;Dinhard;8.752957;47.553347
1399;Thalheim-Altikon;8.75764;47.569602
1400;Ossingen;8.72417;47.614502
1401;Stammheim;8.788948;47.635219
1402;Tägerwilen Dorf;9.139716;47.654014
1403;Kreuzlingen Bernrain;9.162839;47.642473
1404;Lengwil;9.190487;47.625597
1405;Siegershausen;9.168238;47.610917
1406;Berg;9.17451;47.582253
1407;Kehlhof;9.169768;47.572185
1408;St-Cergue;6.16037;46.448598
1409;La Chèvrerie-Monteret;6.183516;46.448461
1410;Arzier;6.21166;46.458621
1411;Bassins;6.222318;46.460553
1412;Le Muids;6.215442;46.454289
1413;La Joy-Clinique;6.216767;46.446332
1414;Sus-Châtel;6.20587;46.438477
1415;Genolier;6.214575;46.436232
1416;Givrins;6.205231;46.428835
1417;Trélex;6.206434;46.413706
1418;L'Asse;6.211763;46.401807
1419;La Vuarpillière;6.217264;46.398907
1420;Les Plantaz;6.229037;46.391143
1421;La Cure;6.073578;46.46513
1422;La Givrine;6.111452;46.454586
1423;Les Pralies;6.126882;46.451166
1424;St-Cergue Les Cheseaux;6.147291;46.446866
1425;Orbe;6.530109;46.724389
1426;St-Eloi;6.532572;46.720298
1427;Les Granges (Orbe);6.541482;46.720962
1428;Le Pont;6.324657;46.668677
1429;Les Charbonnières;6.31709;46.664293
1430;Le Séchey;6.306014;46.658453
1431;Le Lieu;6.283447;46.646908
1432;Les Esserts-de-Rive;6.260519;46.632027
1433;Le Rocheray;6.250302;46.624498
1434;Le Solliat-La Golisse;6.239012;46.614362
1435;Le Sentier-L¿Orient;6.231301;46.605819
1436;Chez-le-Maître-Ecoles;6.221959;46.599332
1437;Le Brassus;6.214291;46.585781
1438;Davos Platz;9.820599;46.791875
1439;Davos Dorf;9.841759;46.809754
1440;Davos Wolfgang;9.854553;46.831966
1441;Davos Laret;9.87191;46.848094
1442;Klosters Platz;9.881198;46.869207
1443;Klosters Dorf;9.874975;46.884207
1444;Saas im Prättigau;9.809946;46.907649
1445;Küblis;9.771995;46.91427
1446;Fideris;9.733756;46.922368
1447;Jenaz;9.718638;46.929483
1448;Furna;9.708945;46.939781
1449;Schiers;9.688579;46.967972
1450;Grüsch;9.646016;46.980516
1451;Seewis-Pardisla;9.632608;46.976999
1452;Malans;9.573023;46.978371
1453;Cavadürli;9.868025;46.870405
1454;Samedan;9.872905;46.533771
1455;Celerina;9.858444;46.513983
1456;St. Moritz;9.845283;46.497676
1457;Bever;9.888093;46.549789
1458;Bergün/Bravuogn;9.746751;46.631069
1459;Filisur;9.682124;46.675099
1460;Alvaneu;9.649915;46.671103
1461;Surava;9.620944;46.666865
1462;Tiefencastel;9.57205;46.664093
1463;Thusis;9.440284;46.697987
1464;Cazis;9.432945;46.719874
1465;Rodels-Realta;9.433446;46.735532
1466;Rothenbrunnen;9.419432;46.767684
1467;Rhäzüns;9.398727;46.799346
1468;Bonaduz;9.397762;46.810295
1469;Reichenau-Tamins;9.414805;46.824354
1470;Ems Werk;9.430393;46.828645
1471;Domat/Ems;9.453164;46.833141
1472;Felsberg;9.480546;46.842941
1473;Preda;9.777318;46.588157
1474;Spinas;9.845335;46.559846
1475;Chur West;9.512723;46.849938
1476;Scuol-Tarasp;10.286214;46.793776
1477;Ftan Baraigla;10.265755;46.790765
1478;Ardez;10.201048;46.773546
1479;Guarda;10.150534;46.771517
1480;Lavin;10.110967;46.76957
1481;Sagliains;10.096581;46.763399
1482;Untervaz-Trimmis;9.559173;46.918987
1483;Zizers;9.559589;46.934843
1484;Igis;9.564754;46.949829
1485;Landquart Ried;9.560866;46.957199
1486;La Punt-Chamues-ch;9.923861;46.578722
1487;Madulain;9.938357;46.58708
1488;Zuoz;9.961463;46.599954
1489;S-chanf;9.981823;46.611939
1490;Cinuos-chel-Brail;10.021923;46.638532
1491;Zernez;10.089941;46.697668
1492;Susch;10.079326;46.75208
1493;Arosa;9.679544;46.783967
1494;Litzirüti;9.703268;46.797952
1495;Langwies GR;9.707143;46.819329
1496;Peist;9.671632;46.829504
1497;St. Peter-Molinis;9.653851;46.829148
1498;Lüen-Castiel;9.613335;46.831708
1499;Chur Altstadt;9.530955;46.847538
1500;Chur Wiesental;9.53075;46.861883
1501;Haldenstein;9.533122;46.876984
1502;Celerina Staz;9.865121;46.509656
1503;Punt Muragl Staz;9.880411;46.507348
1504;Pontresina;9.896082;46.491035
1505;Surovas;9.905687;46.485634
1506;Morteratsch;9.940414;46.450718
1507;Bernina Suot;9.970081;46.445209
1508;Bernina Diavolezza;9.982799;46.44154
1509;Bernina Lagalb;9.99194;46.436609
1510;Ospizio Bernina;10.019711;46.408763
1511;Alp Grüm;10.031149;46.37475
1512;Cavaglia;10.044146;46.364317
1513;Poschiavo;10.054334;46.324803
1514;Le Prese;10.077861;46.29216
1515;Miralago;10.099561;46.273119
1516;Brusio;10.125279;46.259307
1517;Campocologno;10.142072;46.233217
1518;Tirano;10.166771;46.215161
1519;Li Curt;10.063212;46.311187
1520;Sumvitg-Cumpadials;8.931326;46.724078
1521;Rabius-Surrein;8.957496;46.732577
1522;Trun;8.990444;46.742543
1523;Tavanasa-Breil/Brigels;9.06243;46.754768
1524;Waltensburg/Vuorz;9.120152;46.76956
1525;Rueun;9.145614;46.774698
1526;Ilanz;9.207437;46.775359
1527;Castrisch;9.23308;46.778494
1528;Valendas-Sagogn;9.275459;46.791794
1529;Versam-Safien;9.310047;46.807312
1530;Trin;9.359521;46.816578
1531;Davos Frauenkirch;9.799247;46.766606
1532;Davos Glaris;9.780302;46.745947
1533;Davos Monstein;9.760201;46.716363
1534;Davos Wiesen;9.71584;46.695488
1535;Punt Muragl;9.881194;46.50968
1536;Campascio;10.131705;46.244671
1537;Cadera;10.051381;46.345267
1538;Sembrancher;7.146293;46.077102
1539;Etiez;7.162564;46.08281
1540;Le Châble;7.215039;46.078744
1541;Bovernier;7.082262;46.078599
1542;Martigny-Croix;7.058616;46.086564
1543;Martigny-Bourg;7.068479;46.092435
1544;La Douay;7.148738;46.052586
1545;Orsières;7.143808;46.027737
1546;Salgesch;7.578655;46.309034
1547;St-Léonard;7.41957;46.251483
1548;Collombey;6.948759;46.271181
1549;Vionnaz;6.916205;46.315025
1550;Vouvry;6.897574;46.337292
1551;Les Evouettes;6.879465;46.36286
1552;Bouveret;6.853241;46.38581
1553;St-Gingolph;6.80604;46.392132
1554;Evionnaz;7.025526;46.169243
1555;Vernayaz;7.038363;46.138542
1556;Charrat-Fully;7.126477;46.126803
1557;Saxon;7.173434;46.149377
1558;Riddes;7.21785;46.172502
1559;Chamoson-St-Pierre-de-Clages;7.240391;46.188686
1560;Ardon;7.270944;46.208585
1561;Châteauneuf-Conthey;7.305106;46.216106
1562;Langnau-Gattikon;8.543696;47.28722
1563;Wildpark-Höfli;8.535652;47.296571
1564;Sihlau;8.525247;47.303155
1565;Adliswil;8.524312;47.311781
1566;Sood-Oberleimbach;8.521441;47.319571
1567;Zürich Leimbach;8.518596;47.333252
1568;Zürich Manegg;8.520352;47.336969
1569;Zürich Brunau;8.526232;47.352124
1570;Zürich Saalsporthalle;8.520405;47.357864
1571;Zürich Giesshübel;8.521849;47.362456
1572;Zürich Selnau;8.532013;47.370672
1573;Zürich HB SZU;8.53917;47.377431
1574;Sihlwald;8.557315;47.268414
1575;Zürich Binz;8.518324;47.362966
1576;Zürich Friesenberg;8.507998;47.364285
1577;Zürich Schweighof;8.502699;47.364775
1578;Zürich Triemli;8.495378;47.368152
1579;Uitikon Waldegg;8.465034;47.366222
1580;Ringlikon;8.477376;47.360229
1581;Uetliberg;8.487653;47.352364
1582;Hard-Mumenthal;7.774871;47.233817
1583;Aarwangen Vorstadt;7.771302;47.237497
1584;Aarwangen;7.769591;47.240507
1585;Aarwangen Schloss;7.76361;47.245183
1586;Bannwil;7.740358;47.244382
1587;Holzhäusern;7.710392;47.258165
1588;Scharnageln;7.700785;47.263107
1589;Niederbipp Dorf;7.695129;47.265827
1590;Niederbipp Industrie;7.703161;47.278644
1591;Buchli;7.678378;47.263632
1592;Oberbipp;7.660973;47.259646
1593;Wiedlisbach;7.646466;47.252864
1594;Attiswil;7.613868;47.246406
1595;Flumenthal;7.596675;47.239163
1596;Riedholz;7.572328;47.231081
1597;Bei den Weihern;7.566577;47.228389
1598;Feldbrunnen;7.554649;47.220073
1599;St. Katharinen;7.549783;47.216111
1600;Solothurn Sternen;7.545577;47.212319
1601;Solothurn Baseltor;7.541163;47.209525
1602;Mühlehorn;9.172199;47.117466
1603;Murg;9.215361;47.113001
1604;Unterterzen;9.254975;47.113695
1605;Mols;9.277643;47.112507
1606;Mels;9.417027;47.05355
1607;Kaltbrunn;9.022417;47.217979
1608;Biberbrugg;8.723166;47.157124
1609;Altmatt;8.696124;47.131649
1610;Rothenthurm;8.674707;47.10555
1611;Biberegg;8.669228;47.093006
1612;Sattel-Aegeri;8.628042;47.080135
1613;Steinerberg;8.585263;47.052205
1614;Freienbach SOB;8.759373;47.20433
1615;Wilen bei Wollerau;8.734313;47.197544
1616;Wollerau;8.724482;47.195432
1617;Samstagern;8.685454;47.191957
1618;Schindellegi-Feusisberg;8.709367;47.176403
1619;Riedmatt SZ;8.712015;47.196758
1620;Einsiedeln;8.744453;47.127971
1621;Grüenfeld;8.687278;47.198289
1622;Burghalden;8.692695;47.208674
1623;Wolfenschiessen;8.394908;46.907983
1624;Dallenwil;8.392058;46.93378
1625;Stans;8.366326;46.958667
1626;Stansstad;8.336617;46.976589
1627;Hergiswil;8.310165;46.982613
1628;Horw;8.307536;47.018337
1629;Kriens Mattenhof;8.301959;47.027366
1630;Luzern Allmend/Messe;8.302797;47.035248
1631;Giswil;8.186312;46.836796
1632;Ewil Maxon;8.222322;46.860186
1633;Sachseln;8.238573;46.870968
1634;Sarnen;8.247381;46.894043
1635;Sarnen Nord;8.249114;46.900184
1636;Alpnach Dorf;8.275163;46.940513
1637;Alpnachstad;8.27773;46.955202
1638;Niederrickenbach Station;8.396194;46.927835
1639;Brienzwiler;8.090579;46.745769
1640;Brienz;8.038936;46.754841
1641;Brienz West;8.020363;46.757312
1642;Ebligen;7.990774;46.752682
1643;Oberried am Brienzersee;7.958919;46.736558
1644;Niederried;7.928669;46.716425
1645;Ringgenberg;7.899814;46.703861
1646;Brünig-Hasliberg;8.138421;46.757702
1647;Lungern;8.163558;46.78635
1648;Kaiserstuhl OW;8.175501;46.81309
1649;Grafenort;8.372403;46.870602
1650;Engelberg;8.402824;46.819396
1651;Biberist RBS;7.555387;47.18269
1652;Lohn-Lüterkofen;7.526607;47.162945
1653;Bätterkinden;7.534263;47.129712
1654;Schalunen;7.524163;47.110165
1655;Büren zum Hof;7.518806;47.095948
1656;Fraubrunnen;7.522414;47.086959
1657;Grafenried;7.511606;47.080121
1658;Jegenstorf;7.507391;47.048039
1659;Oberzollikofen;7.460496;46.996623
1660;Worblaufen;7.458399;46.978777
1661;Worb Dorf;7.562891;46.929797
1662;Worbboden;7.559525;46.933929
1663;Vechigen;7.556454;46.946759
1664;Boll-Utzigen;7.546985;46.953812
1665;Stettlen;7.524092;46.956826
1666;Deisswil;7.5142;46.957211
1667;Bolligen;7.496845;46.969796
1668;Ittigen bei Bern;7.484128;46.97331
1669;Papiermühle;7.476559;46.97423
1670;Moosseedorf;7.484848;47.016145
1671;Schönbühl Shoppyland;7.493623;47.018623
1672;Schönbühl RBS;7.497754;47.020007
1673;Urtenen;7.500645;47.028892
1674;Bern Tiefenau;7.450196;46.972743
1675;Bern Felsenau;7.444243;46.968497
1676;Unterzollikofen;7.456879;46.991964
1677;Steinibach;7.457231;46.983365
1678;Zermatt;7.748475;46.024166
1679;Täsch;7.774515;46.067459
1680;Stalden-Saas;7.870999;46.232022
1681;Kalpetran;7.83697;46.214075
1682;St. Niklaus;7.802115;46.17748
1683;Herbriggen;7.791838;46.132346
1684;Randa;7.781465;46.099931
1685;Waldenburg;7.749145;47.386256
1686;Oberdorf BL;7.749037;47.392651
1687;Oberdorf BL Winkelweg;7.749205;47.396563
1688;Niederdorf;7.751847;47.40439
1689;Hirschlang;7.75518;47.410129
1690;Hölstein Weidbächli;7.763395;47.418866
1691;Hölstein Süd;7.767741;47.423153
1692;Hölstein;7.771279;47.427253
1693;Lampenberg-Ramlinsburg;7.761206;47.442509
1694;Talhaus;7.749763;47.451444
1695;Bubendorf;7.741535;47.459588
1696;Altmarkt;7.744709;47.476416
1697;Aarau Torfeld;8.061827;47.393375
1698;Buchs AG;8.069578;47.389737
1699;Gränichen Töndler;8.092044;47.363996
1700;Gränichen;8.09878;47.361664
1701;Gränichen Oberdorf;8.106473;47.356538
1702;Bleien Liebegg;8.113536;47.343526
1703;Teufenthal AG;8.114201;47.329203
1704;Unterkulm Nord;8.11304;47.314764
1705;Unterkulm;8.115124;47.310129
1706;Oberkulm Post;8.119411;47.304104
1707;Oberkulm;8.124041;47.299076
1708;Gontenschwil;8.144791;47.280403
1709;Zetzwil;8.153013;47.282421
1710;Leimbach AG;8.167857;47.272713
1711;Reinach AG Nord;8.180882;47.258031
1712;Reinach AG Mitte;8.183383;47.254507
1713;Reinach AG;8.184321;47.249769
1714;Menziken;8.189158;47.240545
1715;Schöftland;8.050071;47.305599
1716;Schöftland Nordweg;8.050616;47.311622
1717;Hirschthal;8.052814;47.319886
1718;Obermuhen;8.055617;47.328937
1719;Mittelmuhen;8.055366;47.333562
1720;Muhen;8.053609;47.339526
1721;Muhen Nord;8.052624;47.343596
1722;Oberentfelden Engelplatz;8.046613;47.356167
1723;Oberentfelden Uerkenbrücke;8.045663;47.361074
1724;Unterentfelden Oberdorf;8.042011;47.364736
1725;Unterentfelden Post;8.044439;47.368672
1726;Distelberg;8.049243;47.375464
1727;Binzenhof;8.050577;47.38321
1728;Ste-Croix;6.50031;46.819668
1729;Trois-Villes;6.531971;46.800268
1730;Six-Fontaines;6.498853;46.774064
1731;Baulmes;6.52433;46.788917
1732;Vuiteboeuf;6.553607;46.803829
1733;Essert-sous-Champvent;6.579826;46.795339
1734;Valeyres-sous-Montagny;6.611358;46.79685
1735;La Brinaz;6.620053;46.794484
1736;Yverdon William Barbey;6.630403;46.788261
